mutation class,binding energy,pocket volume,bottleneck radius,length
174-F-A-65-S-D,-14.27,801,2.1,10
174-F-D-65-S-A,-14.09,1171,2.4,2.5
174-F-D-65-S-E,-5.38,694,2.6,1.5
174-F-D-65-S-H,-6.41,702,2.1,8.1
174-F-D-65-S-L,-6.25,1062,2,4.9
174-F-D-65-S-R,-11.68,721,2.1,8.4
174-F-E-65-S-D,-11.38,1216,2.1,3.5
174-F-E-65-S-H,-5.93,682,2.1,8.1
174-F-E-65-S-L,-5.76,632,2.1,8.2
174-F-H-65-S-D,-12.58,655,2.5,2.5
174-F-H-65-S-E,-6.62,706,2.5,1.3
174-F-H-65-S-L,-5.65,1973,1.9,3.4
174-F-H-65-S-R,-5.39,684,2.4,2.4
174-F-I-65-S-L,-14.51,725,2.2,5.8
174-F-L-65-S-D,-6.39,789,2.2,6.4
174-F-L-65-S-E,-4.98,747,2.1,6.7
174-F-L-65-S-H,-10,995,2,4.8
174-F-L-65-S-I,-6.36,740,2.2,6.4
174-F-L-65-S-N,-7.3,727,2.2,6.4
174-F-L-65-S-Q,-12.59,830,2.1,6.7
174-F-L-65-S-R,-6.41,718,2.2,6.4
174-F-N-65-S-L,-6.26,1268,2.2,3
174-F-Q-65-S-L,-6.36,627,2.6,1.5
174-F-R-65-S-D,-5.05,814,2.4,2
174-F-R-65-S-H,-6.26,1310,1.8,3.5
174-F-R-65-S-L,-5.98,1062,2,4.9
151D-E-187F-H,-6.74,1122,2.1,3.5
154S-Ala-189A-Asp,-6.37,708,2.1,6.8
154S-Arg-189A-Asp,-5.73,1351,2.1,3
154S-Arg-189A-His,-6.38,1348,2.1,3
154S-Arg-189A-Leu,-6.54,1213,2.1,3
154S-Asn-189A-Leu,-5.95,1141,2,5.4
154S-Asp-189A-Ala,-6.48,1341,2,5.4
154S-Asp-189A-Arg,-5.85,673,2.5,2.3
154S-Asp-189A-Glu,-6.55,611,2.5,2.3
154S-Asp-189A-His,-6.55,1103,2,4.9
154S-Asp-189A-Leu,-6.17,1081,2,5.4
154S-Gln-189A-Leu,-5.7,1244,1.9,5.2
154S-Glu-189A-Asp,-7.9,679,2.1,5.3
154S-Glu-189A-His,-6.02,1107,2,4.9
154S-Glu-189A-Leu,-6.09,1084,1.9,5.2
154S-His-189A-Arg,-6.3,1106,2,5.8
154S-His-189A-Asp,-4.97,995,2,5.8
154S-His-189A-Glu,-6.26,1050,2,5.8
154S-His-189A-Leu,-6.35,1237,2,5.8
154S-Ile-189A-Leu,-6.28,1370,2,5.4
154S-Leu-189A-Arg,-5.07,1104,2,5.4
154S-Leu-189A-Asn,-6.04,675,2.5,2.3
154S-Leu-189A-Asp,-5.8,1088,2,5.4
154S-Leu-189A-Gln,-6.42,1096,2,5.4
154S-Leu-189A-Glu,-7.26,1119,2,5.4
154S-Leu-189A-His,-6.44,1072,2,4.9
154S-Leu-189A-Ile,-5.88,656,2.5,2.3
